0,frame0.png
0,frame1.png
0,frame10.png
0,frame100.png
0,frame101.png
0,frame102.png
0,frame103.png
0,frame104.png
0,frame105.png
0,frame106.png
0,frame107.png
0,frame108.png
0,frame109.png
0,frame11.png
0,frame110.png
0,frame111.png
0,frame112.png
0,frame113.png
0,frame114.png
0,frame115.png
0,frame116.png
0,frame117.png
0,frame118.png
0,frame119.png
0,frame12.png
0,frame120.png
0,frame121.png
0,frame122.png
0,frame123.png
0,frame124.png
0,frame125.png
0,frame126.png
0,frame127.png
0,frame128.png
0,frame129.png
0,frame13.png
0,frame130.png
0,frame131.png
0,frame132.png
0,frame133.png
0,frame134.png
0,frame135.png
0,frame136.png
0,frame137.png
0,frame138.png
0,frame139.png
0,frame14.png
0,frame140.png
0,frame141.png
0,frame142.png
0,frame143.png
0,frame144.png
0,frame145.png
0,frame146.png
0,frame147.png
0,frame148.png
0,frame149.png
0,frame15.png
0,frame150.png
0,frame151.png
0,frame152.png
0,frame153.png
0,frame154.png
0,frame155.png
0,frame156.png
0,frame157.png
0,frame158.png
0,frame159.png
0,frame16.png
0,frame160.png
0,frame161.png
0,frame162.png
0,frame163.png
0,frame164.png
0,frame165.png
0,frame166.png
0,frame167.png
0,frame168.png
0,frame169.png
0,frame17.png
0,frame170.png
0,frame171.png
0,frame172.png
0,frame173.png
0,frame174.png
0,frame175.png
0,frame176.png
0,frame177.png
0,frame178.png
0,frame179.png
0,frame18.png
0,frame180.png
0,frame181.png
0,frame182.png
0,frame183.png
0,frame184.png
0,frame185.png
0,frame186.png
0,frame187.png
0,frame188.png
0,frame189.png
0,frame19.png
0,frame190.png
0,frame191.png
0,frame192.png
0,frame193.png
0,frame194.png
0,frame195.png
0,frame196.png
0,frame197.png
0,frame198.png
0,frame199.png
0,frame2.png
0,frame20.png
0,frame200.png
0,frame201.png
0,frame202.png
0,frame203.png
0,frame204.png
0,frame205.png
0,frame206.png
0,frame207.png
0,frame208.png
0,frame209.png
0,frame21.png
0,frame210.png
0,frame211.png
0,frame212.png
0,frame213.png
0,frame214.png
0,frame215.png
0,frame216.png
0,frame217.png
0,frame218.png
0,frame219.png
0,frame22.png
0,frame220.png
0,frame221.png
0,frame222.png
0,frame223.png
0,frame224.png
0,frame225.png
0,frame226.png
0,frame227.png
0,frame228.png
0,frame229.png
0,frame23.png
0,frame230.png
0,frame231.png
0,frame232.png
0,frame233.png
0,frame234.png
0,frame235.png
0,frame236.png
0,frame237.png
0,frame238.png
0,frame239.png
0,frame24.png
0,frame240.png
0,frame241.png
0,frame242.png
0,frame243.png
0,frame244.png
0,frame245.png
0,frame246.png
0,frame247.png
0,frame248.png
0,frame249.png
0,frame25.png
0,frame250.png
0,frame251.png
0,frame252.png
0,frame253.png
0,frame254.png
0,frame255.png
0,frame256.png
0,frame257.png
0,frame258.png
0,frame259.png
0,frame26.png
0,frame260.png
0,frame261.png
0,frame262.png
0,frame263.png
0,frame264.png
0,frame265.png
0,frame266.png
0,frame267.png
0,frame268.png
0,frame269.png
0,frame27.png
0,frame270.png
0,frame271.png
0,frame272.png
0,frame273.png
0,frame274.png
0,frame275.png
0,frame276.png
0,frame277.png
0,frame278.png
0,frame279.png
0,frame28.png
0,frame280.png
0,frame281.png
0,frame282.png
0,frame283.png
0,frame284.png
0,frame285.png
0,frame286.png
0,frame287.png
0,frame288.png
0,frame289.png
0,frame29.png
0,frame290.png
0,frame291.png
0,frame292.png
0,frame293.png
0,frame294.png
0,frame295.png
0,frame296.png
0,frame297.png
0,frame298.png
0,frame299.png
0,frame3.png
0,frame30.png
0,frame300.png
0,frame301.png
0,frame302.png
0,frame303.png
0,frame304.png
0,frame305.png
0,frame306.png
0,frame307.png
0,frame308.png
0,frame309.png
0,frame31.png
0,frame310.png
0,frame311.png
0,frame312.png
0,frame313.png
0,frame314.png
0,frame315.png
0,frame316.png
0,frame317.png
0,frame318.png
0,frame319.png
0,frame32.png
0,frame320.png
0,frame321.png
0,frame322.png
0,frame323.png
0,frame324.png
0,frame325.png
0,frame326.png
0,frame327.png
0,frame328.png
0,frame329.png
0,frame33.png
0,frame330.png
0,frame331.png
0,frame332.png
0,frame333.png
0,frame334.png
0,frame335.png
0,frame336.png
0,frame337.png
0,frame338.png
0,frame339.png
0,frame34.png
0,frame340.png
0,frame341.png
0,frame342.png
0,frame343.png
0,frame344.png
0,frame345.png
0,frame346.png
0,frame347.png
0,frame348.png
0,frame349.png
0,frame35.png
0,frame350.png
0,frame351.png
0,frame352.png
0,frame353.png
0,frame354.png
0,frame355.png
0,frame356.png
0,frame357.png
0,frame358.png
0,frame359.png
0,frame36.png
0,frame360.png
0,frame361.png
0,frame362.png
0,frame363.png
0,frame364.png
0,frame365.png
0,frame366.png
0,frame367.png
0,frame368.png
0,frame369.png
0,frame37.png
0,frame370.png
0,frame371.png
0,frame372.png
0,frame373.png
0,frame374.png
0,frame375.png
0,frame376.png
0,frame377.png
0,frame378.png
0,frame379.png
0,frame38.png
0,frame380.png
0,frame381.png
0,frame382.png
0,frame383.png
0,frame384.png
0,frame385.png
0,frame386.png
0,frame387.png
0,frame388.png
0,frame389.png
0,frame39.png
0,frame390.png
0,frame391.png
0,frame392.png
0,frame393.png
0,frame394.png
0,frame395.png
0,frame396.png
0,frame397.png
0,frame398.png
0,frame399.png
0,frame4.png
0,frame40.png
0,frame400.png
0,frame401.png
0,frame402.png
0,frame403.png
0,frame404.png
0,frame405.png
0,frame406.png
0,frame407.png
0,frame408.png
0,frame409.png
0,frame41.png
0,frame410.png
0,frame411.png
0,frame412.png
0,frame413.png
0,frame414.png
0,frame415.png
0,frame416.png
0,frame417.png
0,frame418.png
0,frame419.png
0,frame42.png
0,frame420.png
0,frame421.png
0,frame422.png
0,frame423.png
0,frame424.png
0,frame425.png
0,frame426.png
0,frame427.png
0,frame428.png
0,frame429.png
0,frame43.png
0,frame430.png
0,frame431.png
0,frame432.png
0,frame433.png
0,frame434.png
0,frame435.png
0,frame436.png
0,frame437.png
0,frame438.png
0,frame439.png
0,frame44.png
0,frame440.png
0,frame441.png
0,frame442.png
0,frame443.png
0,frame444.png
0,frame445.png
0,frame446.png
0,frame447.png
0,frame448.png
0,frame449.png
0,frame45.png
0,frame450.png
0,frame451.png
0,frame452.png
0,frame453.png
0,frame454.png
0,frame455.png
0,frame456.png
0,frame457.png
0,frame458.png
0,frame459.png
0,frame46.png
0,frame460.png
0,frame461.png
0,frame462.png
0,frame463.png
0,frame464.png
0,frame465.png
0,frame466.png
0,frame467.png
0,frame468.png
0,frame469.png
0,frame47.png
0,frame470.png
0,frame471.png
0,frame472.png
0,frame473.png
0,frame474.png
0,frame475.png
0,frame476.png
0,frame477.png
0,frame478.png
0,frame479.png
0,frame48.png
0,frame480.png
0,frame481.png
0,frame482.png
0,frame483.png
0,frame484.png
0,frame485.png
0,frame486.png
0,frame487.png
0,frame49.png
0,frame5.png
0,frame50.png
0,frame51.png
0,frame52.png
0,frame53.png
0,frame54.png
0,frame55.png
0,frame56.png
0,frame57.png
0,frame58.png
0,frame59.png
0,frame6.png
0,frame60.png
0,frame61.png
0,frame62.png
0,frame63.png
0,frame64.png
0,frame65.png
0,frame66.png
0,frame67.png
0,frame68.png
0,frame69.png
0,frame7.png
0,frame70.png
0,frame71.png
0,frame72.png
0,frame73.png
0,frame74.png
0,frame75.png
0,frame76.png
0,frame77.png
0,frame78.png
0,frame79.png
0,frame8.png
0,frame80.png
0,frame81.png
0,frame82.png
0,frame83.png
0,frame84.png
0,frame85.png
0,frame86.png
0,frame87.png
0,frame88.png
0,frame89.png
0,frame9.png
0,frame90.png
0,frame91.png
0,frame92.png
0,frame93.png
0,frame94.png
0,frame95.png
0,frame96.png
0,frame97.png
0,frame98.png
0,frame99.png
1,frame488.png
1,frame489.png
1,frame490.png
1,frame491.png
1,frame492.png
1,frame493.png
1,frame494.png
1,frame495.png
1,frame496.png
1,frame497.png
1,frame498.png
1,frame499.png
1,frame500.png
1,frame501.png
1,frame502.png
1,frame503.png
1,frame504.png
1,frame505.png
1,frame506.png
1,frame507.png
1,frame508.png
1,frame509.png
1,frame510.png
1,frame511.png
1,frame512.png
1,frame513.png
1,frame514.png
1,frame515.png
1,frame516.png
1,frame517.png
1,frame518.png
1,frame519.png
1,frame520.png
1,frame521.png
1,frame522.png
1,frame523.png
1,frame524.png
1,frame525.png
1,frame526.png
1,frame527.png
1,frame528.png
1,frame529.png
1,frame530.png
1,frame531.png
1,frame532.png
1,frame533.png
1,frame534.png
1,frame535.png
1,frame536.png
1,frame537.png
1,frame538.png
1,frame539.png
1,frame540.png
1,frame541.png
1,frame542.png
1,frame543.png
1,frame544.png
1,frame545.png
1,frame546.png
1,frame547.png
1,frame548.png
1,frame549.png
1,frame550.png
1,frame551.png
1,frame552.png
1,frame553.png
1,frame554.png
1,frame555.png
1,frame556.png
1,frame557.png
1,frame558.png
1,frame559.png
1,frame560.png
1,frame561.png
1,frame562.png
1,frame563.png
1,frame564.png
1,frame565.png
1,frame566.png
1,frame567.png
1,frame568.png
1,frame569.png
1,frame570.png
1,frame571.png
1,frame572.png
1,frame573.png
1,frame574.png
1,frame575.png
1,frame576.png
1,frame577.png
1,frame578.png
1,frame579.png
1,frame580.png
1,frame581.png
1,frame582.png
1,frame583.png
1,frame584.png
1,frame585.png
1,frame586.png
1,frame587.png
1,frame588.png
1,frame589.png
1,frame590.png
1,frame591.png
1,frame592.png
1,frame593.png
1,frame594.png
1,frame595.png
1,frame596.png
1,frame597.png
1,frame598.png
1,frame599.png
1,frame600.png
1,frame601.png
1,frame602.png
1,frame603.png
1,frame604.png
1,frame605.png
1,frame606.png
1,frame607.png
1,frame608.png
1,frame609.png
1,frame610.png
1,frame611.png
1,frame612.png
1,frame613.png
1,frame614.png
1,frame615.png
1,frame616.png
1,frame617.png
1,frame618.png
1,frame619.png
1,frame620.png
1,frame621.png
1,frame622.png
1,frame623.png
1,frame624.png
1,frame625.png
1,frame626.png
1,frame627.png
1,frame628.png
1,frame629.png
1,frame630.png
1,frame631.png
1,frame632.png
1,frame633.png
1,frame634.png
1,frame635.png
1,frame636.png
1,frame637.png
1,frame638.png
1,frame639.png
1,frame640.png
1,frame641.png
1,frame642.png
1,frame643.png
1,frame644.png
1,frame645.png
1,frame646.png
1,frame647.png
1,frame648.png
1,frame649.png
1,frame650.png
1,frame651.png
1,frame652.png
1,frame653.png
1,frame654.png
1,frame655.png
1,frame656.png
1,frame657.png
1,frame658.png
1,frame659.png
1,frame660.png
1,frame661.png
1,frame662.png
1,frame663.png
1,frame664.png
1,frame665.png
1,frame666.png
1,frame667.png
1,frame668.png
1,frame669.png
1,frame670.png
1,frame671.png
1,frame672.png
1,frame673.png
1,frame674.png
1,frame675.png
1,frame676.png
1,frame677.png
1,frame678.png
1,frame679.png
1,frame680.png
1,frame681.png
1,frame682.png
1,frame683.png
1,frame684.png
1,frame685.png
1,frame686.png
1,frame687.png
1,frame688.png
1,frame689.png
1,frame690.png
1,frame691.png
1,frame692.png
1,frame693.png
1,frame694.png
1,frame695.png
1,frame696.png
1,frame697.png
1,frame698.png
1,frame699.png
1,frame700.png
1,frame701.png
1,frame702.png
1,frame703.png
1,frame704.png
1,frame705.png
1,frame706.png
1,frame707.png
1,frame708.png
1,frame709.png
1,frame710.png
1,frame711.png
1,frame712.png
1,frame713.png
1,frame714.png
1,frame715.png
1,frame716.png
1,frame717.png
1,frame718.png
1,frame719.png
1,frame720.png
1,frame721.png
1,frame722.png
1,frame723.png
1,frame724.png
1,frame725.png
1,frame726.png
1,frame727.png
1,frame728.png
1,frame729.png
1,frame730.png
1,frame731.png
1,frame732.png
1,frame733.png
1,frame734.png
1,frame735.png
1,frame736.png
1,frame737.png
1,frame738.png
1,frame739.png
1,frame740.png
1,frame741.png
1,frame742.png
1,frame743.png
1,frame744.png
1,frame745.png
1,frame746.png
1,frame747.png
1,frame748.png
1,frame749.png
1,frame750.png
1,frame751.png
1,frame752.png
1,frame753.png
1,frame754.png
1,frame755.png
1,frame756.png
1,frame757.png
1,frame758.png
1,frame759.png
1,frame760.png
1,frame761.png
1,frame762.png
1,frame763.png
1,frame764.png
1,frame765.png
1,frame766.png
1,frame767.png
1,frame768.png
1,frame769.png
1,frame770.png
1,frame771.png
1,frame772.png
1,frame773.png
1,frame774.png
1,frame775.png
1,frame776.png
1,frame777.png
1,frame778.png
1,frame779.png
1,frame780.png
1,frame781.png
1,frame782.png
1,frame783.png
1,frame784.png
1,frame785.png
1,frame786.png
1,frame787.png
1,frame788.png
1,frame789.png
1,frame790.png
1,frame791.png
1,frame792.png
1,frame793.png
1,frame794.png
1,frame795.png
1,frame796.png
1,frame797.png
1,frame798.png
1,frame799.png
1,frame800.png
1,frame801.png
1,frame802.png
1,frame803.png
1,frame804.png
1,frame805.png
1,frame806.png
1,frame807.png
1,frame808.png
1,frame809.png
1,frame810.png
1,frame811.png
1,frame812.png
1,frame813.png
1,frame814.png
1,frame815.png
1,frame816.png
1,frame817.png
1,frame818.png
1,frame819.png
1,frame820.png
1,frame821.png
1,frame822.png
1,frame823.png
1,frame824.png
1,frame825.png
1,frame826.png
1,frame827.png
1,frame828.png
1,frame829.png
1,frame830.png
1,frame831.png
1,frame832.png
1,frame833.png
1,frame834.png
1,frame835.png
1,frame836.png
1,frame837.png
1,frame838.png
1,frame839.png
1,frame840.png
1,frame841.png
1,frame842.png
1,frame843.png
1,frame844.png
1,frame845.png
1,frame846.png
1,frame847.png
1,frame848.png
1,frame849.png
1,frame850.png
1,frame851.png
1,frame852.png
1,frame853.png
1,frame854.png
1,frame855.png
1,frame856.png
1,frame857.png
1,frame858.png
1,frame859.png
1,frame860.png
1,frame861.png
1,frame862.png
1,frame863.png
1,frame864.png
1,frame865.png
1,frame866.png
1,frame867.png
1,frame868.png
1,frame869.png
1,frame870.png
1,frame871.png
1,frame872.png
1,frame873.png
1,frame874.png
1,frame875.png
1,frame876.png
1,frame877.png
1,frame878.png
1,frame879.png
1,frame880.png
1,frame881.png
1,frame882.png
1,frame883.png
1,frame884.png
1,frame885.png
1,frame886.png
1,frame887.png
1,frame888.png
1,frame889.png
1,frame890.png
1,frame891.png
1,frame892.png
1,frame893.png
1,frame894.png
1,frame895.png
1,frame896.png
1,frame897.png
1,frame898.png
1,frame899.png
1,frame900.png
1,frame901.png
1,frame902.png
1,frame903.png
1,frame904.png
1,frame905.png
1,frame906.png
1,frame907.png
1,frame908.png
1,frame909.png
1,frame910.png
1,frame911.png
1,frame912.png
1,frame913.png
1,frame914.png
1,frame915.png
1,frame916.png
1,frame917.png
1,frame918.png
1,frame919.png
1,frame920.png
1,frame921.png
1,frame922.png
1,frame923.png
1,frame924.png
1,frame925.png
1,frame926.png
1,frame927.png
1,frame928.png
1,frame929.png
1,frame930.png
1,frame931.png
1,frame932.png
1,frame933.png
1,frame934.png
1,frame935.png
1,frame936.png
1,frame937.png
1,frame938.png
1,frame939.png
1,frame940.png
1,frame941.png
1,frame942.png
1,frame943.png
1,frame944.png
1,frame945.png
1,frame946.png
1,frame947.png
1,frame948.png
1,frame949.png
1,frame950.png
1,frame951.png
1,frame952.png
1,frame953.png
1,frame954.png
1,frame955.png
1,frame956.png
1,frame957.png
1,frame958.png
1,frame959.png
1,frame960.png
1,frame961.png
1,frame962.png
1,frame963.png
1,frame964.png
1,frame965.png
1,frame966.png
1,frame967.png
1,frame968.png
1,frame969.png
1,frame970.png
1,frame971.png
1,frame972.png
1,frame973.png
1,frame974.png
1,frame975.png
1,frame976.png
1,frame977.png
1,frame978.png
1,frame979.png
2,frame1000.png
2,frame1001.png
2,frame1002.png
2,frame1003.png
2,frame1004.png
2,frame1005.png
2,frame1006.png
2,frame1007.png
2,frame1008.png
2,frame1009.png
2,frame1010.png
2,frame1011.png
2,frame1012.png
2,frame1013.png
2,frame1014.png
2,frame1015.png
2,frame1016.png
2,frame1017.png
2,frame1018.png
2,frame1019.png
2,frame1020.png
2,frame1021.png
2,frame1022.png
2,frame1023.png
2,frame1024.png
2,frame1025.png
2,frame1026.png
2,frame1027.png
2,frame1028.png
2,frame1029.png
2,frame1030.png
2,frame1031.png
2,frame1032.png
2,frame1033.png
2,frame1034.png
2,frame1035.png
2,frame1036.png
2,frame1037.png
2,frame1038.png
2,frame1039.png
2,frame1040.png
2,frame1041.png
2,frame1042.png
2,frame1043.png
2,frame1044.png
2,frame1045.png
2,frame1046.png
2,frame1047.png
2,frame1048.png
2,frame1049.png
2,frame1050.png
2,frame1051.png
2,frame1052.png
2,frame1053.png
2,frame1054.png
2,frame1055.png
2,frame1056.png
2,frame1057.png
2,frame1058.png
2,frame1059.png
2,frame1060.png
2,frame1061.png
2,frame1062.png
2,frame1063.png
2,frame1064.png
2,frame1065.png
2,frame1066.png
2,frame1067.png
2,frame1068.png
2,frame1069.png
2,frame1070.png
2,frame1071.png
2,frame1072.png
2,frame1073.png
2,frame1074.png
2,frame1075.png
2,frame1076.png
2,frame1077.png
2,frame1078.png
2,frame1079.png
2,frame1080.png
2,frame1081.png
2,frame1082.png
2,frame1083.png
2,frame1084.png
2,frame1085.png
2,frame1086.png
2,frame1087.png
2,frame1088.png
2,frame1089.png
2,frame1090.png
2,frame1091.png
2,frame1092.png
2,frame1093.png
2,frame1094.png
2,frame1095.png
2,frame1096.png
2,frame1097.png
2,frame1098.png
2,frame1099.png
2,frame1100.png
2,frame1101.png
2,frame1102.png
2,frame1103.png
2,frame1104.png
2,frame1105.png
2,frame1106.png
2,frame1107.png
2,frame1108.png
2,frame1109.png
2,frame1110.png
2,frame1111.png
2,frame1112.png
2,frame1113.png
2,frame1114.png
2,frame1115.png
2,frame1116.png
2,frame1117.png
2,frame1118.png
2,frame1119.png
2,frame1120.png
2,frame1121.png
2,frame1122.png
2,frame1123.png
2,frame1124.png
2,frame1125.png
2,frame1126.png
2,frame1127.png
2,frame1128.png
2,frame1129.png
2,frame1130.png
2,frame1131.png
2,frame1132.png
2,frame1133.png
2,frame1134.png
2,frame1135.png
2,frame1136.png
2,frame1137.png
2,frame1138.png
2,frame1139.png
2,frame1140.png
2,frame1141.png
2,frame1142.png
2,frame1143.png
2,frame1144.png
2,frame1145.png
2,frame1146.png
2,frame1147.png
2,frame1148.png
2,frame1149.png
2,frame1150.png
2,frame1151.png
2,frame1152.png
2,frame1153.png
2,frame1154.png
2,frame1155.png
2,frame1156.png
2,frame1157.png
2,frame1158.png
2,frame1159.png
2,frame1160.png
2,frame1161.png
2,frame1162.png
2,frame1163.png
2,frame1164.png
2,frame1165.png
2,frame1166.png
2,frame1167.png
2,frame1168.png
2,frame1169.png
2,frame1170.png
2,frame1171.png
2,frame1172.png
2,frame1173.png
2,frame1174.png
2,frame1175.png
2,frame1176.png
2,frame1177.png
2,frame1178.png
2,frame1179.png
2,frame1180.png
2,frame1181.png
2,frame1182.png
2,frame1183.png
2,frame1184.png
2,frame1185.png
2,frame1186.png
2,frame1187.png
2,frame1188.png
2,frame1189.png
2,frame1190.png
2,frame1191.png
2,frame1192.png
2,frame1193.png
2,frame1194.png
2,frame1195.png
2,frame1196.png
2,frame1197.png
2,frame1198.png
2,frame1199.png
2,frame1200.png
2,frame1201.png
2,frame1202.png
2,frame1203.png
2,frame1204.png
2,frame1205.png
2,frame1206.png
2,frame1207.png
2,frame1208.png
2,frame1209.png
2,frame1210.png
2,frame1211.png
2,frame1212.png
2,frame1213.png
2,frame1214.png
2,frame1215.png
2,frame1216.png
2,frame1217.png
2,frame1218.png
2,frame1219.png
2,frame1220.png
2,frame1221.png
2,frame1222.png
2,frame1223.png
2,frame1224.png
2,frame1225.png
2,frame1226.png
2,frame1227.png
2,frame1228.png
2,frame1229.png
2,frame1230.png
2,frame1231.png
2,frame1232.png
2,frame1233.png
2,frame1234.png
2,frame1235.png
2,frame1236.png
2,frame1237.png
2,frame1238.png
2,frame1239.png
2,frame1240.png
2,frame1241.png
2,frame1242.png
2,frame1243.png
2,frame1244.png
2,frame1245.png
2,frame1246.png
2,frame1247.png
2,frame1248.png
2,frame1249.png
2,frame1250.png
2,frame1251.png
2,frame1252.png
2,frame1253.png
2,frame1254.png
2,frame1255.png
2,frame1256.png
2,frame1257.png
2,frame1258.png
2,frame1259.png
2,frame1260.png
2,frame1261.png
2,frame1262.png
2,frame1263.png
2,frame1264.png
2,frame1265.png
2,frame1266.png
2,frame1267.png
2,frame1268.png
2,frame1269.png
2,frame1270.png
2,frame1271.png
2,frame1272.png
2,frame1273.png
2,frame1274.png
2,frame1275.png
2,frame1276.png
2,frame1277.png
2,frame1278.png
2,frame1279.png
2,frame1280.png
2,frame1281.png
2,frame1282.png
2,frame1283.png
2,frame1284.png
2,frame1285.png
2,frame1286.png
2,frame1287.png
2,frame1288.png
2,frame1289.png
2,frame1290.png
2,frame1291.png
2,frame1292.png
2,frame1293.png
2,frame1294.png
2,frame1295.png
2,frame1296.png
2,frame1297.png
2,frame1298.png
2,frame1299.png
2,frame1300.png
2,frame1301.png
2,frame1302.png
2,frame1303.png
2,frame1304.png
2,frame1305.png
2,frame1306.png
2,frame1307.png
2,frame1308.png
2,frame1309.png
2,frame1310.png
2,frame1311.png
2,frame1312.png
2,frame1313.png
2,frame1314.png
2,frame1315.png
2,frame1316.png
2,frame1317.png
2,frame1318.png
2,frame1319.png
2,frame1320.png
2,frame1321.png
2,frame1322.png
2,frame1323.png
2,frame1324.png
2,frame1325.png
2,frame1326.png
2,frame1327.png
2,frame1328.png
2,frame1329.png
2,frame1330.png
2,frame1331.png
2,frame1332.png
2,frame1333.png
2,frame1334.png
2,frame1335.png
2,frame1336.png
2,frame1337.png
2,frame1338.png
2,frame1339.png
2,frame1340.png
2,frame1341.png
2,frame1342.png
2,frame1343.png
2,frame1344.png
2,frame1345.png
2,frame1346.png
2,frame1347.png
2,frame1348.png
2,frame1349.png
2,frame1350.png
2,frame1351.png
2,frame1352.png
2,frame1353.png
2,frame1354.png
2,frame1355.png
2,frame1356.png
2,frame1357.png
2,frame1358.png
2,frame1359.png
2,frame1360.png
2,frame1361.png
2,frame1362.png
2,frame1363.png
2,frame1364.png
2,frame1365.png
2,frame1366.png
2,frame1367.png
2,frame1368.png
2,frame1369.png
2,frame1370.png
2,frame1371.png
2,frame1372.png
2,frame1373.png
2,frame1374.png
2,frame1375.png
2,frame1376.png
2,frame1377.png
2,frame1378.png
2,frame1379.png
2,frame1380.png
2,frame1381.png
2,frame1382.png
2,frame1383.png
2,frame1384.png
2,frame1385.png
2,frame1386.png
2,frame1387.png
2,frame1388.png
2,frame1389.png
2,frame1390.png
2,frame1391.png
2,frame1392.png
2,frame1393.png
2,frame1394.png
2,frame1395.png
2,frame1396.png
2,frame1397.png
2,frame1398.png
2,frame1399.png
2,frame1400.png
2,frame1401.png
2,frame1402.png
2,frame1403.png
2,frame1404.png
2,frame1405.png
2,frame1406.png
2,frame1407.png
2,frame1408.png
2,frame1409.png
2,frame1410.png
2,frame1411.png
2,frame1412.png
2,frame1413.png
2,frame1414.png
2,frame1415.png
2,frame1416.png
2,frame1417.png
2,frame1418.png
2,frame1419.png
2,frame1420.png
2,frame1421.png
2,frame1422.png
2,frame1423.png
2,frame1424.png
2,frame1425.png
2,frame1426.png
2,frame1427.png
2,frame1428.png
2,frame1429.png
2,frame1430.png
2,frame1431.png
2,frame1432.png
2,frame1433.png
2,frame1434.png
2,frame1435.png
2,frame1436.png
2,frame1437.png
2,frame1438.png
2,frame1439.png
2,frame1440.png
2,frame1441.png
2,frame1442.png
2,frame1443.png
2,frame1444.png
2,frame1445.png
2,frame1446.png
2,frame1447.png
2,frame1448.png
2,frame1449.png
2,frame1450.png
2,frame1451.png
2,frame1452.png
2,frame1453.png
2,frame1454.png
2,frame1455.png
2,frame1456.png
2,frame1457.png
2,frame1458.png
2,frame1459.png
2,frame1460.png
2,frame1461.png
2,frame1462.png
2,frame1463.png
2,frame1464.png
2,frame1465.png
2,frame1466.png
2,frame1467.png
2,frame1468.png
2,frame1469.png
2,frame1470.png
2,frame1471.png
2,frame980.png
2,frame981.png
2,frame982.png
2,frame983.png
2,frame984.png
2,frame985.png
2,frame986.png
2,frame987.png
2,frame988.png
2,frame989.png
2,frame990.png
2,frame991.png
2,frame992.png
2,frame993.png
2,frame994.png
2,frame995.png
2,frame996.png
2,frame997.png
2,frame998.png
2,frame999.png
3,frame1472.png
3,frame1473.png
3,frame1474.png
3,frame1475.png
3,frame1476.png
3,frame1477.png
3,frame1478.png
3,frame1479.png
3,frame1480.png
3,frame1481.png
3,frame1482.png
3,frame1483.png
3,frame1484.png
3,frame1485.png
3,frame1486.png
3,frame1487.png
3,frame1488.png
3,frame1489.png
3,frame1490.png
3,frame1491.png
3,frame1492.png
3,frame1493.png
3,frame1494.png
3,frame1495.png
3,frame1496.png
3,frame1497.png
3,frame1498.png
3,frame1499.png
3,frame1500.png
3,frame1501.png
3,frame1502.png
3,frame1503.png
3,frame1504.png
3,frame1505.png
3,frame1506.png
3,frame1507.png
3,frame1508.png
3,frame1509.png
3,frame1510.png
3,frame1511.png
3,frame1512.png
3,frame1513.png
3,frame1514.png
3,frame1515.png
3,frame1516.png
3,frame1517.png
3,frame1518.png
3,frame1519.png
3,frame1520.png
3,frame1521.png
3,frame1522.png
3,frame1523.png
3,frame1524.png
3,frame1525.png
3,frame1526.png
3,frame1527.png
3,frame1528.png
3,frame1529.png
3,frame1530.png
3,frame1531.png
3,frame1532.png
3,frame1533.png
3,frame1534.png
3,frame1535.png
3,frame1536.png
3,frame1537.png
3,frame1538.png
3,frame1539.png
3,frame1540.png
3,frame1541.png
3,frame1542.png
3,frame1543.png
3,frame1544.png
3,frame1545.png
3,frame1546.png
3,frame1547.png
3,frame1548.png
3,frame1549.png
3,frame1550.png
3,frame1551.png
3,frame1552.png
3,frame1553.png
3,frame1554.png
3,frame1555.png
3,frame1556.png
3,frame1557.png
3,frame1558.png
3,frame1559.png
3,frame1560.png
3,frame1561.png
3,frame1562.png
3,frame1563.png
3,frame1564.png
3,frame1565.png
3,frame1566.png
3,frame1567.png
3,frame1568.png
3,frame1569.png
3,frame1570.png
3,frame1571.png
3,frame1572.png
3,frame1573.png
3,frame1574.png
3,frame1575.png
3,frame1576.png
3,frame1577.png
3,frame1578.png
3,frame1579.png
3,frame1580.png
3,frame1581.png
3,frame1582.png
3,frame1583.png
3,frame1584.png
3,frame1585.png
3,frame1586.png
3,frame1587.png
3,frame1588.png
3,frame1589.png
3,frame1590.png
3,frame1591.png
3,frame1592.png
3,frame1593.png
3,frame1594.png
3,frame1595.png
3,frame1596.png
3,frame1597.png
3,frame1598.png
3,frame1599.png
3,frame1600.png
3,frame1601.png
3,frame1602.png
3,frame1603.png
3,frame1604.png
3,frame1605.png
3,frame1606.png
3,frame1607.png
3,frame1608.png
3,frame1609.png
3,frame1610.png
3,frame1611.png
3,frame1612.png
3,frame1613.png
3,frame1614.png
3,frame1615.png
3,frame1616.png
3,frame1617.png
3,frame1618.png
3,frame1619.png
3,frame1620.png
3,frame1621.png
3,frame1622.png
3,frame1623.png
3,frame1624.png
3,frame1625.png
3,frame1626.png
3,frame1627.png
3,frame1628.png
3,frame1629.png
3,frame1630.png
3,frame1631.png
3,frame1632.png
3,frame1633.png
3,frame1634.png
3,frame1635.png
3,frame1636.png
3,frame1637.png
3,frame1638.png
3,frame1639.png
3,frame1640.png
3,frame1641.png
3,frame1642.png
3,frame1643.png
3,frame1644.png
3,frame1645.png
3,frame1646.png
3,frame1647.png
3,frame1648.png
3,frame1649.png
3,frame1650.png
3,frame1651.png
3,frame1652.png
3,frame1653.png
3,frame1654.png
3,frame1655.png
3,frame1656.png
3,frame1657.png
3,frame1658.png
3,frame1659.png
3,frame1660.png
3,frame1661.png
3,frame1662.png
3,frame1663.png
3,frame1664.png
3,frame1665.png
3,frame1666.png
3,frame1667.png
3,frame1668.png
3,frame1669.png
3,frame1670.png
3,frame1671.png
3,frame1672.png
3,frame1673.png
3,frame1674.png
3,frame1675.png
3,frame1676.png
3,frame1677.png
3,frame1678.png
3,frame1679.png
3,frame1680.png
3,frame1681.png
3,frame1682.png
3,frame1683.png
3,frame1684.png
3,frame1685.png
3,frame1686.png
3,frame1687.png
3,frame1688.png
3,frame1689.png
3,frame1690.png
3,frame1691.png
3,frame1692.png
3,frame1693.png
3,frame1694.png
3,frame1695.png
3,frame1696.png
3,frame1697.png
3,frame1698.png
3,frame1699.png
3,frame1700.png
3,frame1701.png
3,frame1702.png
3,frame1703.png
3,frame1704.png
3,frame1705.png
3,frame1706.png
3,frame1707.png
3,frame1708.png
3,frame1709.png
3,frame1710.png
3,frame1711.png
3,frame1712.png
3,frame1713.png
3,frame1714.png
3,frame1715.png
3,frame1716.png
3,frame1717.png
3,frame1718.png
3,frame1719.png
3,frame1720.png
3,frame1721.png
3,frame1722.png
3,frame1723.png
3,frame1724.png
3,frame1725.png
3,frame1726.png
3,frame1727.png
3,frame1728.png
3,frame1729.png
3,frame1730.png
3,frame1731.png
3,frame1732.png
3,frame1733.png
3,frame1734.png
3,frame1735.png
3,frame1736.png
3,frame1737.png
3,frame1738.png
3,frame1739.png
3,frame1740.png
3,frame1741.png
3,frame1742.png
3,frame1743.png
3,frame1744.png
3,frame1745.png
3,frame1746.png
3,frame1747.png
3,frame1748.png
3,frame1749.png
3,frame1750.png
3,frame1751.png
3,frame1752.png
3,frame1753.png
3,frame1754.png
3,frame1755.png
3,frame1756.png
3,frame1757.png
3,frame1758.png
3,frame1759.png
3,frame1760.png
3,frame1761.png
3,frame1762.png
3,frame1763.png
3,frame1764.png
3,frame1765.png
3,frame1766.png
3,frame1767.png
3,frame1768.png
3,frame1769.png
3,frame1770.png
3,frame1771.png
3,frame1772.png
3,frame1773.png
3,frame1774.png
3,frame1775.png
3,frame1776.png
3,frame1777.png
3,frame1778.png
3,frame1779.png
3,frame1780.png
3,frame1781.png
3,frame1782.png
3,frame1783.png
3,frame1784.png
3,frame1785.png
3,frame1786.png
3,frame1787.png
3,frame1788.png
3,frame1789.png
3,frame1790.png
3,frame1791.png
3,frame1792.png
3,frame1793.png
3,frame1794.png
3,frame1795.png
3,frame1796.png
3,frame1797.png
3,frame1798.png
3,frame1799.png
3,frame1800.png
3,frame1801.png
3,frame1802.png
3,frame1803.png
3,frame1804.png
3,frame1805.png
3,frame1806.png
3,frame1807.png
3,frame1808.png
3,frame1809.png
3,frame1810.png
3,frame1811.png
3,frame1812.png
3,frame1813.png
3,frame1814.png
3,frame1815.png
3,frame1816.png
3,frame1817.png
3,frame1818.png
3,frame1819.png
3,frame1820.png
3,frame1821.png
3,frame1822.png
3,frame1823.png
3,frame1824.png
3,frame1825.png
3,frame1826.png
3,frame1827.png
3,frame1828.png
3,frame1829.png
3,frame1830.png
3,frame1831.png
3,frame1832.png
3,frame1833.png
3,frame1834.png
3,frame1835.png
3,frame1836.png
3,frame1837.png
3,frame1838.png
3,frame1839.png
3,frame1840.png
3,frame1841.png
3,frame1842.png
3,frame1843.png
3,frame1844.png
3,frame1845.png
3,frame1846.png
3,frame1847.png
3,frame1848.png
3,frame1849.png
3,frame1850.png
3,frame1851.png
3,frame1852.png
3,frame1853.png
3,frame1854.png
3,frame1855.png
3,frame1856.png
3,frame1857.png
3,frame1858.png
3,frame1859.png
3,frame1860.png
3,frame1861.png
3,frame1862.png
3,frame1863.png
3,frame1864.png
3,frame1865.png
3,frame1866.png
3,frame1867.png
3,frame1868.png
3,frame1869.png
3,frame1870.png
3,frame1871.png
3,frame1872.png
3,frame1873.png
3,frame1874.png
3,frame1875.png
3,frame1876.png
3,frame1877.png
3,frame1878.png
3,frame1879.png
3,frame1880.png
3,frame1881.png
3,frame1882.png
3,frame1883.png
3,frame1884.png
3,frame1885.png
3,frame1886.png
3,frame1887.png
3,frame1888.png
3,frame1889.png
3,frame1890.png
3,frame1891.png
3,frame1892.png
3,frame1893.png
3,frame1894.png
3,frame1895.png
3,frame1896.png
3,frame1897.png
3,frame1898.png
3,frame1899.png
3,frame1900.png
3,frame1901.png
3,frame1902.png
3,frame1903.png
3,frame1904.png
3,frame1905.png
3,frame1906.png
3,frame1907.png
3,frame1908.png
3,frame1909.png
3,frame1910.png
3,frame1911.png
3,frame1912.png
3,frame1913.png
3,frame1914.png
3,frame1915.png
3,frame1916.png
3,frame1917.png
3,frame1918.png
3,frame1919.png
3,frame1920.png
3,frame1921.png
3,frame1922.png
3,frame1923.png
3,frame1924.png
3,frame1925.png
3,frame1926.png
3,frame1927.png
3,frame1928.png
3,frame1929.png
3,frame1930.png
3,frame1931.png
3,frame1932.png
3,frame1933.png
3,frame1934.png
3,frame1935.png
3,frame1936.png
3,frame1937.png
3,frame1938.png
3,frame1939.png
3,frame1940.png
3,frame1941.png
3,frame1942.png
3,frame1943.png
3,frame1944.png
3,frame1945.png
3,frame1946.png
3,frame1947.png
3,frame1948.png
3,frame1949.png
3,frame1950.png
3,frame1951.png
3,frame1952.png
3,frame1953.png
3,frame1954.png
3,frame1955.png
3,frame1956.png
3,frame1957.png
3,frame1958.png
3,frame1959.png
3,frame1960.png
3,frame1961.png
3,frame1962.png
3,frame1963.png
4,frame1964.png
4,frame1965.png
4,frame1966.png
4,frame1967.png
4,frame1968.png
4,frame1969.png
4,frame1970.png
4,frame1971.png
4,frame1972.png
4,frame1973.png
4,frame1974.png
4,frame1975.png
4,frame1976.png
4,frame1977.png
4,frame1978.png
4,frame1979.png
4,frame1980.png
4,frame1981.png
4,frame1982.png
4,frame1983.png
4,frame1984.png
4,frame1985.png
4,frame1986.png
4,frame1987.png
4,frame1988.png
4,frame1989.png
4,frame1990.png
4,frame1991.png
4,frame1992.png
4,frame1993.png
4,frame1994.png
4,frame1995.png
4,frame1996.png
4,frame1997.png
4,frame1998.png
4,frame1999.png
4,frame2000.png
4,frame2001.png
4,frame2002.png
4,frame2003.png
4,frame2004.png
4,frame2005.png
4,frame2006.png
4,frame2007.png
4,frame2008.png
4,frame2009.png
4,frame2010.png
4,frame2011.png
4,frame2012.png
4,frame2013.png
4,frame2014.png
4,frame2015.png
4,frame2016.png
4,frame2017.png
4,frame2018.png
4,frame2019.png
4,frame2020.png
4,frame2021.png
4,frame2022.png
4,frame2023.png
4,frame2024.png
4,frame2025.png
4,frame2026.png
4,frame2027.png
4,frame2028.png
4,frame2029.png
4,frame2030.png
4,frame2031.png
4,frame2032.png
4,frame2033.png
4,frame2034.png
4,frame2035.png
4,frame2036.png
4,frame2037.png
4,frame2038.png
4,frame2039.png
4,frame2040.png
4,frame2041.png
4,frame2042.png
4,frame2043.png
4,frame2044.png
4,frame2045.png
4,frame2046.png
4,frame2047.png
4,frame2048.png
4,frame2049.png
4,frame2050.png
4,frame2051.png
4,frame2052.png
4,frame2053.png
4,frame2054.png
4,frame2055.png
4,frame2056.png
4,frame2057.png
4,frame2058.png
4,frame2059.png
4,frame2060.png
4,frame2061.png
4,frame2062.png
4,frame2063.png
4,frame2064.png
4,frame2065.png
4,frame2066.png
4,frame2067.png
4,frame2068.png
4,frame2069.png
4,frame2070.png
4,frame2071.png
4,frame2072.png
4,frame2073.png
4,frame2074.png
4,frame2075.png
4,frame2076.png
4,frame2077.png
4,frame2078.png
4,frame2079.png
4,frame2080.png
4,frame2081.png
4,frame2082.png
4,frame2083.png
4,frame2084.png
4,frame2085.png
4,frame2086.png
4,frame2087.png
4,frame2088.png
4,frame2089.png
4,frame2090.png
4,frame2091.png
4,frame2092.png
4,frame2093.png
4,frame2094.png
4,frame2095.png
4,frame2096.png
4,frame2097.png
4,frame2098.png
4,frame2099.png
4,frame2100.png
4,frame2101.png
4,frame2102.png
4,frame2103.png
4,frame2104.png
4,frame2105.png
4,frame2106.png
4,frame2107.png
4,frame2108.png
4,frame2109.png
4,frame2110.png
4,frame2111.png
4,frame2112.png
4,frame2113.png
4,frame2114.png
4,frame2115.png
4,frame2116.png
4,frame2117.png
4,frame2118.png
4,frame2119.png
4,frame2120.png
4,frame2121.png
4,frame2122.png
4,frame2123.png
4,frame2124.png
4,frame2125.png
4,frame2126.png
4,frame2127.png
4,frame2128.png
4,frame2129.png
4,frame2130.png
4,frame2131.png
4,frame2132.png
4,frame2133.png
4,frame2134.png
4,frame2135.png
4,frame2136.png
4,frame2137.png
4,frame2138.png
4,frame2139.png
4,frame2140.png
4,frame2141.png
4,frame2142.png
4,frame2143.png
4,frame2144.png
4,frame2145.png
4,frame2146.png
4,frame2147.png
4,frame2148.png
4,frame2149.png
4,frame2150.png
4,frame2151.png
4,frame2152.png
4,frame2153.png
4,frame2154.png
4,frame2155.png
4,frame2156.png
4,frame2157.png
4,frame2158.png
4,frame2159.png
4,frame2160.png
4,frame2161.png
4,frame2162.png
4,frame2163.png
4,frame2164.png
4,frame2165.png
4,frame2166.png
4,frame2167.png
4,frame2168.png
4,frame2169.png
4,frame2170.png
4,frame2171.png
4,frame2172.png
4,frame2173.png
4,frame2174.png
4,frame2175.png
4,frame2176.png
4,frame2177.png
4,frame2178.png
4,frame2179.png
4,frame2180.png
4,frame2181.png
4,frame2182.png
4,frame2183.png
4,frame2184.png
4,frame2185.png
4,frame2186.png
4,frame2187.png
4,frame2188.png
4,frame2189.png
4,frame2190.png
4,frame2191.png
4,frame2192.png
4,frame2193.png
4,frame2194.png
4,frame2195.png
4,frame2196.png
4,frame2197.png
4,frame2198.png
4,frame2199.png
4,frame2200.png
4,frame2201.png
4,frame2202.png
4,frame2203.png
4,frame2204.png
4,frame2205.png
4,frame2206.png
4,frame2207.png
4,frame2208.png
4,frame2209.png
4,frame2210.png
4,frame2211.png
4,frame2212.png
4,frame2213.png
4,frame2214.png
4,frame2215.png
4,frame2216.png
4,frame2217.png
4,frame2218.png
4,frame2219.png
4,frame2220.png
4,frame2221.png
4,frame2222.png
4,frame2223.png
4,frame2224.png
4,frame2225.png
4,frame2226.png
4,frame2227.png
4,frame2228.png
4,frame2229.png
4,frame2230.png
4,frame2231.png
4,frame2232.png
4,frame2233.png
4,frame2234.png
4,frame2235.png
4,frame2236.png
4,frame2237.png
4,frame2238.png
4,frame2239.png
4,frame2240.png
4,frame2241.png
4,frame2242.png
4,frame2243.png
4,frame2244.png
4,frame2245.png
4,frame2246.png
4,frame2247.png
4,frame2248.png
4,frame2249.png
4,frame2250.png
4,frame2251.png
4,frame2252.png
4,frame2253.png
4,frame2254.png
4,frame2255.png
4,frame2256.png
4,frame2257.png
4,frame2258.png
4,frame2259.png
4,frame2260.png
4,frame2261.png
4,frame2262.png
4,frame2263.png
4,frame2264.png
4,frame2265.png
4,frame2266.png
4,frame2267.png
4,frame2268.png
4,frame2269.png
4,frame2270.png
4,frame2271.png
4,frame2272.png
4,frame2273.png
4,frame2274.png
4,frame2275.png
4,frame2276.png
4,frame2277.png
4,frame2278.png
4,frame2279.png
4,frame2280.png
4,frame2281.png
4,frame2282.png
4,frame2283.png
4,frame2284.png
4,frame2285.png
4,frame2286.png
4,frame2287.png
4,frame2288.png
4,frame2289.png
4,frame2290.png
4,frame2291.png
4,frame2292.png
4,frame2293.png
4,frame2294.png
4,frame2295.png
4,frame2296.png
4,frame2297.png
4,frame2298.png
4,frame2299.png
4,frame2300.png
4,frame2301.png
4,frame2302.png
4,frame2303.png
4,frame2304.png
4,frame2305.png
4,frame2306.png
4,frame2307.png
4,frame2308.png
4,frame2309.png
4,frame2310.png
4,frame2311.png
4,frame2312.png
4,frame2313.png
4,frame2314.png
4,frame2315.png
4,frame2316.png
4,frame2317.png
4,frame2318.png
4,frame2319.png
4,frame2320.png
4,frame2321.png
4,frame2322.png
4,frame2323.png
4,frame2324.png
4,frame2325.png
4,frame2326.png
4,frame2327.png
4,frame2328.png
4,frame2329.png
4,frame2330.png
4,frame2331.png
4,frame2332.png
4,frame2333.png
4,frame2334.png
4,frame2335.png
4,frame2336.png
4,frame2337.png
4,frame2338.png
4,frame2339.png
4,frame2340.png
4,frame2341.png
4,frame2342.png
4,frame2343.png
4,frame2344.png
4,frame2345.png
4,frame2346.png
4,frame2347.png
4,frame2348.png
4,frame2349.png
4,frame2350.png
4,frame2351.png
4,frame2352.png
4,frame2353.png
4,frame2354.png
4,frame2355.png
4,frame2356.png
4,frame2357.png
4,frame2358.png
4,frame2359.png
4,frame2360.png
4,frame2361.png
4,frame2362.png
4,frame2363.png
4,frame2364.png
4,frame2365.png
4,frame2366.png
4,frame2367.png
4,frame2368.png
4,frame2369.png
4,frame2370.png
4,frame2371.png
4,frame2372.png
4,frame2373.png
4,frame2374.png
4,frame2375.png
4,frame2376.png
4,frame2377.png
4,frame2378.png
4,frame2379.png
4,frame2380.png
4,frame2381.png
4,frame2382.png
4,frame2383.png
4,frame2384.png
4,frame2385.png
4,frame2386.png
4,frame2387.png
4,frame2388.png
4,frame2389.png
4,frame2390.png
4,frame2391.png
4,frame2392.png
4,frame2393.png
4,frame2394.png
4,frame2395.png
4,frame2396.png
4,frame2397.png
4,frame2398.png
4,frame2399.png
4,frame2400.png
4,frame2401.png
4,frame2402.png
4,frame2403.png
4,frame2404.png
4,frame2405.png
4,frame2406.png
4,frame2407.png
4,frame2408.png
4,frame2409.png
4,frame2410.png
4,frame2411.png
4,frame2412.png
4,frame2413.png
4,frame2414.png
4,frame2415.png
4,frame2416.png
4,frame2417.png
4,frame2418.png
4,frame2419.png
4,frame2420.png
4,frame2421.png
4,frame2422.png
4,frame2423.png
4,frame2424.png
4,frame2425.png
4,frame2426.png
4,frame2427.png
4,frame2428.png
4,frame2429.png
4,frame2430.png
4,frame2431.png
4,frame2432.png
4,frame2433.png
4,frame2434.png
4,frame2435.png
4,frame2436.png
4,frame2437.png
4,frame2438.png
4,frame2439.png
4,frame2440.png
4,frame2441.png
4,frame2442.png
4,frame2443.png
4,frame2444.png
4,frame2445.png
4,frame2446.png
4,frame2447.png
4,frame2448.png
4,frame2449.png
4,frame2450.png
4,frame2451.png
4,frame2452.png
4,frame2453.png
4,frame2454.png
4,frame2455.png
5,frame2456.png
5,frame2457.png
5,frame2458.png
5,frame2459.png
5,frame2460.png
5,frame2461.png
5,frame2462.png
5,frame2463.png
5,frame2464.png
5,frame2465.png
5,frame2466.png
5,frame2467.png
5,frame2468.png
5,frame2469.png
5,frame2470.png
5,frame2471.png
5,frame2472.png
5,frame2473.png
5,frame2474.png
5,frame2475.png
5,frame2476.png
5,frame2477.png
5,frame2478.png
5,frame2479.png
5,frame2480.png
5,frame2481.png
5,frame2482.png
5,frame2483.png
5,frame2484.png
5,frame2485.png
5,frame2486.png
5,frame2487.png
5,frame2488.png
5,frame2489.png
5,frame2490.png
5,frame2491.png
5,frame2492.png
5,frame2493.png
5,frame2494.png
5,frame2495.png
5,frame2496.png
5,frame2497.png
5,frame2498.png
5,frame2499.png
5,frame2500.png
5,frame2501.png
5,frame2502.png
5,frame2503.png
5,frame2504.png
5,frame2505.png
5,frame2506.png
5,frame2507.png
5,frame2508.png
5,frame2509.png
5,frame2510.png
5,frame2511.png
5,frame2512.png
5,frame2513.png
5,frame2514.png
5,frame2515.png
5,frame2516.png
5,frame2517.png
5,frame2518.png
5,frame2519.png
5,frame2520.png
5,frame2521.png
5,frame2522.png
5,frame2523.png
5,frame2524.png
5,frame2525.png
5,frame2526.png
5,frame2527.png
5,frame2528.png
5,frame2529.png
5,frame2530.png
5,frame2531.png
5,frame2532.png
5,frame2533.png
5,frame2534.png
5,frame2535.png
5,frame2536.png
5,frame2537.png
5,frame2538.png
5,frame2539.png
5,frame2540.png
5,frame2541.png
5,frame2542.png
5,frame2543.png
5,frame2544.png
5,frame2545.png
5,frame2546.png
5,frame2547.png
5,frame2548.png
5,frame2549.png
5,frame2550.png
5,frame2551.png
5,frame2552.png
5,frame2553.png
5,frame2554.png
5,frame2555.png
5,frame2556.png
5,frame2557.png
5,frame2558.png
5,frame2559.png
5,frame2560.png
5,frame2561.png
5,frame2562.png
5,frame2563.png
5,frame2564.png
5,frame2565.png
5,frame2566.png
5,frame2567.png
5,frame2568.png
5,frame2569.png
5,frame2570.png
5,frame2571.png
5,frame2572.png
5,frame2573.png
5,frame2574.png
5,frame2575.png
5,frame2576.png
5,frame2577.png
5,frame2578.png
5,frame2579.png
5,frame2580.png
5,frame2581.png
5,frame2582.png
5,frame2583.png
5,frame2584.png
5,frame2585.png
5,frame2586.png
5,frame2587.png
5,frame2588.png
5,frame2589.png
5,frame2590.png
5,frame2591.png
5,frame2592.png
5,frame2593.png
5,frame2594.png
5,frame2595.png
5,frame2596.png
5,frame2597.png
5,frame2598.png
5,frame2599.png
5,frame2600.png
5,frame2601.png
5,frame2602.png
5,frame2603.png
5,frame2604.png
5,frame2605.png
5,frame2606.png
5,frame2607.png
5,frame2608.png
5,frame2609.png
5,frame2610.png
5,frame2611.png
5,frame2612.png
5,frame2613.png
5,frame2614.png
5,frame2615.png
5,frame2616.png
5,frame2617.png
5,frame2618.png
5,frame2619.png
5,frame2620.png
5,frame2621.png
5,frame2622.png
5,frame2623.png
5,frame2624.png
5,frame2625.png
5,frame2626.png
5,frame2627.png
5,frame2628.png
5,frame2629.png
5,frame2630.png
5,frame2631.png
5,frame2632.png
5,frame2633.png
5,frame2634.png
5,frame2635.png
5,frame2636.png
5,frame2637.png
5,frame2638.png
5,frame2639.png
5,frame2640.png
5,frame2641.png
5,frame2642.png
5,frame2643.png
5,frame2644.png
5,frame2645.png
5,frame2646.png
5,frame2647.png
5,frame2648.png
5,frame2649.png
5,frame2650.png
5,frame2651.png
5,frame2652.png
5,frame2653.png
5,frame2654.png
5,frame2655.png
5,frame2656.png
5,frame2657.png
5,frame2658.png
5,frame2659.png
5,frame2660.png
5,frame2661.png
5,frame2662.png
5,frame2663.png
5,frame2664.png
5,frame2665.png
5,frame2666.png
5,frame2667.png
5,frame2668.png
5,frame2669.png
5,frame2670.png
5,frame2671.png
5,frame2672.png
5,frame2673.png
5,frame2674.png
5,frame2675.png
5,frame2676.png
5,frame2677.png
5,frame2678.png
5,frame2679.png
5,frame2680.png
5,frame2681.png
5,frame2682.png
5,frame2683.png
5,frame2684.png
5,frame2685.png
5,frame2686.png
5,frame2687.png
5,frame2688.png
5,frame2689.png
5,frame2690.png
5,frame2691.png
5,frame2692.png
5,frame2693.png
5,frame2694.png
5,frame2695.png
5,frame2696.png
5,frame2697.png
5,frame2698.png
5,frame2699.png
5,frame2700.png
5,frame2701.png
5,frame2702.png
5,frame2703.png
5,frame2704.png
5,frame2705.png
5,frame2706.png
5,frame2707.png
5,frame2708.png
5,frame2709.png
5,frame2710.png
5,frame2711.png
5,frame2712.png
5,frame2713.png
5,frame2714.png
5,frame2715.png
5,frame2716.png
5,frame2717.png
5,frame2718.png
5,frame2719.png
5,frame2720.png
5,frame2721.png
5,frame2722.png
5,frame2723.png
5,frame2724.png
5,frame2725.png
5,frame2726.png
5,frame2727.png
5,frame2728.png
5,frame2729.png
5,frame2730.png
5,frame2731.png
5,frame2732.png
5,frame2733.png
5,frame2734.png
5,frame2735.png
5,frame2736.png
5,frame2737.png
5,frame2738.png
5,frame2739.png
5,frame2740.png
5,frame2741.png
5,frame2742.png
5,frame2743.png
5,frame2744.png
5,frame2745.png
5,frame2746.png
5,frame2747.png
5,frame2748.png
5,frame2749.png
5,frame2750.png
5,frame2751.png
5,frame2752.png
5,frame2753.png
5,frame2754.png
5,frame2755.png
5,frame2756.png
5,frame2757.png
5,frame2758.png
5,frame2759.png
5,frame2760.png
5,frame2761.png
5,frame2762.png
5,frame2763.png
5,frame2764.png
5,frame2765.png
5,frame2766.png
5,frame2767.png
5,frame2768.png
5,frame2769.png
5,frame2770.png
5,frame2771.png
5,frame2772.png
5,frame2773.png
5,frame2774.png
5,frame2775.png
5,frame2776.png
5,frame2777.png
5,frame2778.png
5,frame2779.png
5,frame2780.png
5,frame2781.png
5,frame2782.png
5,frame2783.png
5,frame2784.png
5,frame2785.png
5,frame2786.png
5,frame2787.png
5,frame2788.png
5,frame2789.png
5,frame2790.png
5,frame2791.png
5,frame2792.png
5,frame2793.png
5,frame2794.png
5,frame2795.png
5,frame2796.png
5,frame2797.png
5,frame2798.png
5,frame2799.png
5,frame2800.png
5,frame2801.png
5,frame2802.png
5,frame2803.png
5,frame2804.png
5,frame2805.png
5,frame2806.png
5,frame2807.png
5,frame2808.png
5,frame2809.png
5,frame2810.png
5,frame2811.png
5,frame2812.png
5,frame2813.png
5,frame2814.png
5,frame2815.png
5,frame2816.png
5,frame2817.png
5,frame2818.png
5,frame2819.png
5,frame2820.png
5,frame2821.png
5,frame2822.png
5,frame2823.png
5,frame2824.png
5,frame2825.png
5,frame2826.png
5,frame2827.png
5,frame2828.png
5,frame2829.png
5,frame2830.png
5,frame2831.png
5,frame2832.png
5,frame2833.png
5,frame2834.png
5,frame2835.png
5,frame2836.png
5,frame2837.png
5,frame2838.png
5,frame2839.png
5,frame2840.png
5,frame2841.png
5,frame2842.png
5,frame2843.png
5,frame2844.png
5,frame2845.png
5,frame2846.png
5,frame2847.png
5,frame2848.png
5,frame2849.png
5,frame2850.png
5,frame2851.png
5,frame2852.png
5,frame2853.png
5,frame2854.png
5,frame2855.png
5,frame2856.png
5,frame2857.png
5,frame2858.png
5,frame2859.png
5,frame2860.png
5,frame2861.png
5,frame2862.png
5,frame2863.png
5,frame2864.png
5,frame2865.png
5,frame2866.png
5,frame2867.png
5,frame2868.png
5,frame2869.png
5,frame2870.png
5,frame2871.png
5,frame2872.png
5,frame2873.png
5,frame2874.png
5,frame2875.png
5,frame2876.png
5,frame2877.png
5,frame2878.png
5,frame2879.png
5,frame2880.png
5,frame2881.png
5,frame2882.png
5,frame2883.png
5,frame2884.png
5,frame2885.png
5,frame2886.png
5,frame2887.png
5,frame2888.png
5,frame2889.png
5,frame2890.png
5,frame2891.png
5,frame2892.png
5,frame2893.png
5,frame2894.png
5,frame2895.png
5,frame2896.png
5,frame2897.png
5,frame2898.png
5,frame2899.png
5,frame2900.png
5,frame2901.png
5,frame2902.png
5,frame2903.png
5,frame2904.png
5,frame2905.png
5,frame2906.png
5,frame2907.png
5,frame2908.png
5,frame2909.png
5,frame2910.png
5,frame2911.png
5,frame2912.png
5,frame2913.png
5,frame2914.png
5,frame2915.png
5,frame2916.png
5,frame2917.png
5,frame2918.png
5,frame2919.png
5,frame2920.png
5,frame2921.png
5,frame2922.png
5,frame2923.png
5,frame2924.png
5,frame2925.png
5,frame2926.png
5,frame2927.png
5,frame2928.png
5,frame2929.png
5,frame2930.png
5,frame2931.png
5,frame2932.png
5,frame2933.png
5,frame2934.png
5,frame2935.png
5,frame2936.png
5,frame2937.png
5,frame2938.png
5,frame2939.png
5,frame2940.png
5,frame2941.png
5,frame2942.png
5,frame2943.png
5,frame2944.png
5,frame2945.png
5,frame2946.png
5,frame2947.png
6,frame2948.png
6,frame2949.png
6,frame2950.png
6,frame2951.png
6,frame2952.png
6,frame2953.png
6,frame2954.png
6,frame2955.png
6,frame2956.png
6,frame2957.png
6,frame2958.png
6,frame2959.png
6,frame2960.png
6,frame2961.png
6,frame2962.png
6,frame2963.png
6,frame2964.png
6,frame2965.png
6,frame2966.png
6,frame2967.png
6,frame2968.png
6,frame2969.png
6,frame2970.png
6,frame2971.png
6,frame2972.png
6,frame2973.png
6,frame2974.png
6,frame2975.png
6,frame2976.png
6,frame2977.png
6,frame2978.png
6,frame2979.png
6,frame2980.png
6,frame2981.png
6,frame2982.png
6,frame2983.png
6,frame2984.png
6,frame2985.png
6,frame2986.png
6,frame2987.png
6,frame2988.png
6,frame2989.png
6,frame2990.png
6,frame2991.png
6,frame2992.png
6,frame2993.png
6,frame2994.png
6,frame2995.png
6,frame2996.png
6,frame2997.png
6,frame2998.png
6,frame2999.png
6,frame3000.png
6,frame3001.png
6,frame3002.png
6,frame3003.png
6,frame3004.png
6,frame3005.png
6,frame3006.png
6,frame3007.png
6,frame3008.png
6,frame3009.png
6,frame3010.png
6,frame3011.png
6,frame3012.png
6,frame3013.png
6,frame3014.png
6,frame3015.png
6,frame3016.png
6,frame3017.png
6,frame3018.png
6,frame3019.png
6,frame3020.png
6,frame3021.png
6,frame3022.png
6,frame3023.png
6,frame3024.png
6,frame3025.png
6,frame3026.png
6,frame3027.png
6,frame3028.png
6,frame3029.png
6,frame3030.png
6,frame3031.png
6,frame3032.png
6,frame3033.png
6,frame3034.png
6,frame3035.png
6,frame3036.png
6,frame3037.png
6,frame3038.png
6,frame3039.png
6,frame3040.png
6,frame3041.png
6,frame3042.png
6,frame3043.png
6,frame3044.png
6,frame3045.png
6,frame3046.png
6,frame3047.png
6,frame3048.png
6,frame3049.png
6,frame3050.png
6,frame3051.png
6,frame3052.png
6,frame3053.png
6,frame3054.png
6,frame3055.png
6,frame3056.png
6,frame3057.png
6,frame3058.png
6,frame3059.png
6,frame3060.png
6,frame3061.png
6,frame3062.png
6,frame3063.png
6,frame3064.png
6,frame3065.png
6,frame3066.png
6,frame3067.png
6,frame3068.png
6,frame3069.png
6,frame3070.png
6,frame3071.png
6,frame3072.png
6,frame3073.png
6,frame3074.png
6,frame3075.png
6,frame3076.png
6,frame3077.png
6,frame3078.png
6,frame3079.png
6,frame3080.png
6,frame3081.png
6,frame3082.png
6,frame3083.png
6,frame3084.png
6,frame3085.png
6,frame3086.png
6,frame3087.png
6,frame3088.png
6,frame3089.png
6,frame3090.png
6,frame3091.png
6,frame3092.png
6,frame3093.png
6,frame3094.png
6,frame3095.png
6,frame3096.png
6,frame3097.png
6,frame3098.png
6,frame3099.png
6,frame3100.png
6,frame3101.png
6,frame3102.png
6,frame3103.png
6,frame3104.png
6,frame3105.png
6,frame3106.png
6,frame3107.png
6,frame3108.png
6,frame3109.png
6,frame3110.png
6,frame3111.png
6,frame3112.png
6,frame3113.png
6,frame3114.png
6,frame3115.png
6,frame3116.png
6,frame3117.png
6,frame3118.png
6,frame3119.png
6,frame3120.png
6,frame3121.png
6,frame3122.png
6,frame3123.png
6,frame3124.png
6,frame3125.png
6,frame3126.png
6,frame3127.png
6,frame3128.png
6,frame3129.png
6,frame3130.png
6,frame3131.png
6,frame3132.png
6,frame3133.png
6,frame3134.png
6,frame3135.png
6,frame3136.png
6,frame3137.png
6,frame3138.png
6,frame3139.png
6,frame3140.png
6,frame3141.png
6,frame3142.png
6,frame3143.png
6,frame3144.png
6,frame3145.png
6,frame3146.png
6,frame3147.png
6,frame3148.png
6,frame3149.png
6,frame3150.png
6,frame3151.png
6,frame3152.png
6,frame3153.png
6,frame3154.png
6,frame3155.png
6,frame3156.png
6,frame3157.png
6,frame3158.png
6,frame3159.png
6,frame3160.png
6,frame3161.png
6,frame3162.png
6,frame3163.png
6,frame3164.png
6,frame3165.png
6,frame3166.png
6,frame3167.png
6,frame3168.png
6,frame3169.png
6,frame3170.png
6,frame3171.png
6,frame3172.png
6,frame3173.png
6,frame3174.png
6,frame3175.png
6,frame3176.png
6,frame3177.png
6,frame3178.png
6,frame3179.png
6,frame3180.png
6,frame3181.png
6,frame3182.png
6,frame3183.png
6,frame3184.png
6,frame3185.png
6,frame3186.png
6,frame3187.png
6,frame3188.png
6,frame3189.png
6,frame3190.png
6,frame3191.png
6,frame3192.png
6,frame3193.png
6,frame3194.png
6,frame3195.png
6,frame3196.png
6,frame3197.png
6,frame3198.png
6,frame3199.png
6,frame3200.png
6,frame3201.png
6,frame3202.png
6,frame3203.png
6,frame3204.png
6,frame3205.png
6,frame3206.png
6,frame3207.png
6,frame3208.png
6,frame3209.png
6,frame3210.png
6,frame3211.png
6,frame3212.png
6,frame3213.png
6,frame3214.png
6,frame3215.png
6,frame3216.png
6,frame3217.png
6,frame3218.png
6,frame3219.png
6,frame3220.png
6,frame3221.png
6,frame3222.png
6,frame3223.png
6,frame3224.png
6,frame3225.png
6,frame3226.png
6,frame3227.png
6,frame3228.png
6,frame3229.png
6,frame3230.png
6,frame3231.png
6,frame3232.png
6,frame3233.png
6,frame3234.png
6,frame3235.png
6,frame3236.png
6,frame3237.png
6,frame3238.png
6,frame3239.png
6,frame3240.png
6,frame3241.png
6,frame3242.png
6,frame3243.png
6,frame3244.png
6,frame3245.png
6,frame3246.png
6,frame3247.png
6,frame3248.png
6,frame3249.png
6,frame3250.png
6,frame3251.png
6,frame3252.png
6,frame3253.png
6,frame3254.png
6,frame3255.png
6,frame3256.png
6,frame3257.png
6,frame3258.png
6,frame3259.png
6,frame3260.png
6,frame3261.png
6,frame3262.png
6,frame3263.png
6,frame3264.png
6,frame3265.png
6,frame3266.png
6,frame3267.png
6,frame3268.png
6,frame3269.png
6,frame3270.png
6,frame3271.png
6,frame3272.png
6,frame3273.png
6,frame3274.png
6,frame3275.png
6,frame3276.png
6,frame3277.png
6,frame3278.png
6,frame3279.png
6,frame3280.png
6,frame3281.png
6,frame3282.png
6,frame3283.png
6,frame3284.png
6,frame3285.png
6,frame3286.png
6,frame3287.png
6,frame3288.png
6,frame3289.png
6,frame3290.png
6,frame3291.png
6,frame3292.png
6,frame3293.png
6,frame3294.png
6,frame3295.png
6,frame3296.png
6,frame3297.png
6,frame3298.png
6,frame3299.png
6,frame3300.png
6,frame3301.png
6,frame3302.png
6,frame3303.png
6,frame3304.png
6,frame3305.png
6,frame3306.png
6,frame3307.png
6,frame3308.png
6,frame3309.png
6,frame3310.png
6,frame3311.png
6,frame3312.png
6,frame3313.png
6,frame3314.png
6,frame3315.png
6,frame3316.png
6,frame3317.png
6,frame3318.png
6,frame3319.png
6,frame3320.png
6,frame3321.png
6,frame3322.png
6,frame3323.png
6,frame3324.png
6,frame3325.png
6,frame3326.png
6,frame3327.png
6,frame3328.png
6,frame3329.png
6,frame3330.png
6,frame3331.png
6,frame3332.png
6,frame3333.png
6,frame3334.png
6,frame3335.png
6,frame3336.png
6,frame3337.png
6,frame3338.png
6,frame3339.png
6,frame3340.png
6,frame3341.png
6,frame3342.png
6,frame3343.png
6,frame3344.png
6,frame3345.png
6,frame3346.png
6,frame3347.png
6,frame3348.png
6,frame3349.png
6,frame3350.png
6,frame3351.png
6,frame3352.png
6,frame3353.png
6,frame3354.png
6,frame3355.png
6,frame3356.png
6,frame3357.png
6,frame3358.png
6,frame3359.png
6,frame3360.png
6,frame3361.png
6,frame3362.png
6,frame3363.png
6,frame3364.png
6,frame3365.png
6,frame3366.png
6,frame3367.png
6,frame3368.png
6,frame3369.png
6,frame3370.png
6,frame3371.png
6,frame3372.png
6,frame3373.png
6,frame3374.png
6,frame3375.png
6,frame3376.png
6,frame3377.png
6,frame3378.png
6,frame3379.png
6,frame3380.png
6,frame3381.png
6,frame3382.png
6,frame3383.png
6,frame3384.png
6,frame3385.png
6,frame3386.png
6,frame3387.png
6,frame3388.png
6,frame3389.png
6,frame3390.png
6,frame3391.png
6,frame3392.png
6,frame3393.png
6,frame3394.png
6,frame3395.png
6,frame3396.png
6,frame3397.png
6,frame3398.png
6,frame3399.png
6,frame3400.png
6,frame3401.png
6,frame3402.png
6,frame3403.png
6,frame3404.png
6,frame3405.png
6,frame3406.png
6,frame3407.png
6,frame3408.png
6,frame3409.png
6,frame3410.png
6,frame3411.png
6,frame3412.png
6,frame3413.png
6,frame3414.png
6,frame3415.png
6,frame3416.png
6,frame3417.png
6,frame3418.png
6,frame3419.png
6,frame3420.png
6,frame3421.png
6,frame3422.png
6,frame3423.png
6,frame3424.png
6,frame3425.png
6,frame3426.png
6,frame3427.png
6,frame3428.png
6,frame3429.png
6,frame3430.png
6,frame3431.png
6,frame3432.png
6,frame3433.png
6,frame3434.png
6,frame3435.png
6,frame3436.png
6,frame3437.png
6,frame3438.png
6,frame3439.png
7,frame3440.png
7,frame3441.png
7,frame3442.png
7,frame3443.png
7,frame3444.png
7,frame3445.png
7,frame3446.png
7,frame3447.png
7,frame3448.png
7,frame3449.png
7,frame3450.png
7,frame3451.png
7,frame3452.png
7,frame3453.png
7,frame3454.png
7,frame3455.png
7,frame3456.png
7,frame3457.png
7,frame3458.png
7,frame3459.png
7,frame3460.png
7,frame3461.png
7,frame3462.png
7,frame3463.png
7,frame3464.png
7,frame3465.png
7,frame3466.png
7,frame3467.png
7,frame3468.png
7,frame3469.png
7,frame3470.png
7,frame3471.png
7,frame3472.png
7,frame3473.png
7,frame3474.png
7,frame3475.png
7,frame3476.png
7,frame3477.png
7,frame3478.png
7,frame3479.png
7,frame3480.png
7,frame3481.png
7,frame3482.png
7,frame3483.png
7,frame3484.png
7,frame3485.png
7,frame3486.png
7,frame3487.png
7,frame3488.png
7,frame3489.png
7,frame3490.png
7,frame3491.png
7,frame3492.png
7,frame3493.png
7,frame3494.png
7,frame3495.png
7,frame3496.png
7,frame3497.png
7,frame3498.png
7,frame3499.png
7,frame3500.png
7,frame3501.png
7,frame3502.png
7,frame3503.png
7,frame3504.png
7,frame3505.png
7,frame3506.png
7,frame3507.png
7,frame3508.png
7,frame3509.png
7,frame3510.png
7,frame3511.png
7,frame3512.png
7,frame3513.png
7,frame3514.png
7,frame3515.png
7,frame3516.png
7,frame3517.png
7,frame3518.png
7,frame3519.png
7,frame3520.png
7,frame3521.png
7,frame3522.png
7,frame3523.png
7,frame3524.png
7,frame3525.png
7,frame3526.png
7,frame3527.png
7,frame3528.png
7,frame3529.png
7,frame3530.png
7,frame3531.png
7,frame3532.png
7,frame3533.png
7,frame3534.png
7,frame3535.png
7,frame3536.png
7,frame3537.png
7,frame3538.png
7,frame3539.png
7,frame3540.png
7,frame3541.png
7,frame3542.png
7,frame3543.png
7,frame3544.png
7,frame3545.png
7,frame3546.png
7,frame3547.png
7,frame3548.png
7,frame3549.png
7,frame3550.png
7,frame3551.png
7,frame3552.png
7,frame3553.png
7,frame3554.png
7,frame3555.png
7,frame3556.png
7,frame3557.png
7,frame3558.png
7,frame3559.png
7,frame3560.png
7,frame3561.png
7,frame3562.png
7,frame3563.png
7,frame3564.png
7,frame3565.png
7,frame3566.png
7,frame3567.png
7,frame3568.png
7,frame3569.png
7,frame3570.png
7,frame3571.png
7,frame3572.png
7,frame3573.png
7,frame3574.png
7,frame3575.png
7,frame3576.png
7,frame3577.png
7,frame3578.png
7,frame3579.png
7,frame3580.png
7,frame3581.png
7,frame3582.png
7,frame3583.png
7,frame3584.png
7,frame3585.png
7,frame3586.png
7,frame3587.png
7,frame3588.png
7,frame3589.png
7,frame3590.png
7,frame3591.png
7,frame3592.png
7,frame3593.png
7,frame3594.png
7,frame3595.png
7,frame3596.png
7,frame3597.png
7,frame3598.png
7,frame3599.png
7,frame3600.png
7,frame3601.png
7,frame3602.png
7,frame3603.png
7,frame3604.png
7,frame3605.png
7,frame3606.png
7,frame3607.png
7,frame3608.png
7,frame3609.png
7,frame3610.png
7,frame3611.png
7,frame3612.png
7,frame3613.png
7,frame3614.png
7,frame3615.png
7,frame3616.png
7,frame3617.png
7,frame3618.png
7,frame3619.png
7,frame3620.png
7,frame3621.png
7,frame3622.png
7,frame3623.png
7,frame3624.png
7,frame3625.png
7,frame3626.png
7,frame3627.png
7,frame3628.png
7,frame3629.png
7,frame3630.png
7,frame3631.png
7,frame3632.png
7,frame3633.png
7,frame3634.png
7,frame3635.png
7,frame3636.png
7,frame3637.png
7,frame3638.png
7,frame3639.png
7,frame3640.png
7,frame3641.png
7,frame3642.png
7,frame3643.png
7,frame3644.png
7,frame3645.png
7,frame3646.png
7,frame3647.png
7,frame3648.png
7,frame3649.png
7,frame3650.png
7,frame3651.png
7,frame3652.png
7,frame3653.png
7,frame3654.png
7,frame3655.png
7,frame3656.png
7,frame3657.png
7,frame3658.png
7,frame3659.png
7,frame3660.png
7,frame3661.png
7,frame3662.png
7,frame3663.png
7,frame3664.png
7,frame3665.png
7,frame3666.png
7,frame3667.png
7,frame3668.png
7,frame3669.png
7,frame3670.png
7,frame3671.png
7,frame3672.png
7,frame3673.png
7,frame3674.png
7,frame3675.png
7,frame3676.png
7,frame3677.png
7,frame3678.png
7,frame3679.png
7,frame3680.png
7,frame3681.png
7,frame3682.png
7,frame3683.png
7,frame3684.png
7,frame3685.png
7,frame3686.png
7,frame3687.png
7,frame3688.png
7,frame3689.png
7,frame3690.png
7,frame3691.png
7,frame3692.png
7,frame3693.png
7,frame3694.png
7,frame3695.png
7,frame3696.png
7,frame3697.png
7,frame3698.png
7,frame3699.png
7,frame3700.png
7,frame3701.png
7,frame3702.png
7,frame3703.png
7,frame3704.png
7,frame3705.png
7,frame3706.png
7,frame3707.png
7,frame3708.png
7,frame3709.png
7,frame3710.png
7,frame3711.png
7,frame3712.png
7,frame3713.png
7,frame3714.png
7,frame3715.png
7,frame3716.png
7,frame3717.png
7,frame3718.png
7,frame3719.png
7,frame3720.png
7,frame3721.png
7,frame3722.png
7,frame3723.png
7,frame3724.png
7,frame3725.png
7,frame3726.png
7,frame3727.png
7,frame3728.png
7,frame3729.png
7,frame3730.png
7,frame3731.png
7,frame3732.png
7,frame3733.png
7,frame3734.png
7,frame3735.png
7,frame3736.png
7,frame3737.png
7,frame3738.png
7,frame3739.png
7,frame3740.png
7,frame3741.png
7,frame3742.png
7,frame3743.png
7,frame3744.png
7,frame3745.png
7,frame3746.png
7,frame3747.png
7,frame3748.png
7,frame3749.png
7,frame3750.png
7,frame3751.png
7,frame3752.png
7,frame3753.png
7,frame3754.png
7,frame3755.png
7,frame3756.png
7,frame3757.png
7,frame3758.png
7,frame3759.png
7,frame3760.png
7,frame3761.png
7,frame3762.png
7,frame3763.png
7,frame3764.png
7,frame3765.png
7,frame3766.png
7,frame3767.png
7,frame3768.png
7,frame3769.png
7,frame3770.png
7,frame3771.png
7,frame3772.png
7,frame3773.png
7,frame3774.png
7,frame3775.png
7,frame3776.png
7,frame3777.png
7,frame3778.png
7,frame3779.png
7,frame3780.png
7,frame3781.png
7,frame3782.png
7,frame3783.png
7,frame3784.png
7,frame3785.png
7,frame3786.png
7,frame3787.png
7,frame3788.png
7,frame3789.png
7,frame3790.png
7,frame3791.png
7,frame3792.png
7,frame3793.png
7,frame3794.png
7,frame3795.png
7,frame3796.png
7,frame3797.png
7,frame3798.png
7,frame3799.png
7,frame3800.png
7,frame3801.png
7,frame3802.png
7,frame3803.png
7,frame3804.png
7,frame3805.png
7,frame3806.png
7,frame3807.png
7,frame3808.png
7,frame3809.png
7,frame3810.png
7,frame3811.png
7,frame3812.png
7,frame3813.png
7,frame3814.png
7,frame3815.png
7,frame3816.png
7,frame3817.png
7,frame3818.png
7,frame3819.png
7,frame3820.png
7,frame3821.png
7,frame3822.png
7,frame3823.png
7,frame3824.png
7,frame3825.png
7,frame3826.png
7,frame3827.png
7,frame3828.png
7,frame3829.png
7,frame3830.png
7,frame3831.png
7,frame3832.png
7,frame3833.png
7,frame3834.png
7,frame3835.png
7,frame3836.png
7,frame3837.png
7,frame3838.png
7,frame3839.png
7,frame3840.png
7,frame3841.png
7,frame3842.png
7,frame3843.png
7,frame3844.png
7,frame3845.png
7,frame3846.png
7,frame3847.png
7,frame3848.png
7,frame3849.png
7,frame3850.png
7,frame3851.png
7,frame3852.png
7,frame3853.png
7,frame3854.png
7,frame3855.png
7,frame3856.png
7,frame3857.png
7,frame3858.png
7,frame3859.png
7,frame3860.png
7,frame3861.png
7,frame3862.png
7,frame3863.png
7,frame3864.png
7,frame3865.png
7,frame3866.png
7,frame3867.png
7,frame3868.png
7,frame3869.png
7,frame3870.png
7,frame3871.png
7,frame3872.png
7,frame3873.png
7,frame3874.png
7,frame3875.png
7,frame3876.png
7,frame3877.png
7,frame3878.png
7,frame3879.png
7,frame3880.png
7,frame3881.png
7,frame3882.png
7,frame3883.png
7,frame3884.png
7,frame3885.png
7,frame3886.png
7,frame3887.png
7,frame3888.png
7,frame3889.png
7,frame3890.png
7,frame3891.png
7,frame3892.png
7,frame3893.png
7,frame3894.png
7,frame3895.png
7,frame3896.png
7,frame3897.png
7,frame3898.png
7,frame3899.png
7,frame3900.png
7,frame3901.png
7,frame3902.png
7,frame3903.png
7,frame3904.png
7,frame3905.png
7,frame3906.png
7,frame3907.png
7,frame3908.png
7,frame3909.png
7,frame3910.png
7,frame3911.png
7,frame3912.png
7,frame3913.png
7,frame3914.png
7,frame3915.png
7,frame3916.png
7,frame3917.png
7,frame3918.png
7,frame3919.png
7,frame3920.png
7,frame3921.png
7,frame3922.png
7,frame3923.png
7,frame3924.png
7,frame3925.png
7,frame3926.png
7,frame3927.png
7,frame3928.png
7,frame3929.png
7,frame3930.png
7,frame3931.png
